<?xml version="1.0" encoding="UTF-8"?>
<project-private xmlns="http://www.netbeans.org/ns/project-private/1">
    <editor-bookmarks xmlns="http://www.netbeans.org/ns/editor-bookmarks/2" lastBookmarkId="0"/>
    <open-files xmlns="http://www.netbeans.org/ns/projectui-open-files/2">
        <group>
            <file>file:/Users/mohamed/Desktop/System%20prog/SICXE%20project/SICXEproj/src/sicxeproj/Converter.java</file>
            <file>file:/Users/mohamed/Desktop/System%20prog/SICXE%20project/SICXEproj/src/sicxeproj/LocationCounter.java</file>
            <file>file:/Users/mohamed/Desktop/System%20prog/SICXE%20project/SICXEproj/src/sicxeproj/SICXEproj.java</file>
            <file>file:/Users/mohamed/Desktop/System%20prog/SICXE%20project/SICXEproj/src/sicxeproj/Instruction_Format.java</file>
        </group>
    </open-files>
</project-private>
